experiment	ndata	estimated $\xi_{1\sigma} \,$ from bias/variance
ATLAS	374.0	0.6850346409880533
CMS	179.0	0.7816366619983104
Total	553.0	0.7348945387680323
