experiment	ndata	bias/variance
ATLAS	374	0.9903548693073572
CMS	179	0.6600247919227643
Total	553	0.8052187205472747
