experiment	ndata	measured $\xi_{1\sigma}$
ATLAS	374	0.6619429590017826
CMS	179	0.7562383612662943
Total	553	0.6924653405666065
