experiment	ndata	sqrt(bias/variance)
ATLAS	374.0	0.9951657496655304
CMS	179.0	0.8124190986939956
Total	553.0	0.8973398021637482
