flavour	Measured $\xi_{1\sigma}$
$\Sigma$	0.7333333333333334
gluon	0.6833333333333333
V	0.7
V3	0.6333333333333333
V8	0.7333333333333334
T3	0.9166666666666667
T8	0.43333333333333335
Total	0.725
