experiment	ndata	bias/variance
HERACOMB	63	2.548706750708858
ATLAS	371	0.5702996311371957
CMS	310	0.76262064698755
LHCb	35	0.6949207323423046
Total	779	0.793905789835677
