flavour	Measured $\xi_{1\sigma}$
$\Sigma$	0.8055555555555555
gluon	0.47222222222222227
V	0.6666666666666666
V3	0.7277777777777779
V8	0.7611111111111111
T3	0.9
T8	0.3777777777777778
Total	0.6730158730158731
